timestamp,post_content,likes,shares,comments,post_type
01:44.6,Sample post content 0 #hashtag0,102,61,83,Text
01:44.6,Sample post content 1 #hashtag1,435,99,29,Text
01:44.6,Sample post content 2 #hashtag2,348,13,189,Video
01:44.6,Sample post content 3 #hashtag3,270,94,74,Image
01:44.6,Sample post content 4 #hashtag4,106,47,127,Image
01:44.6,Sample post content 5 #hashtag0,71,14,91,Video
01:44.6,Sample post content 6 #hashtag1,188,71,189,Image
01:44.6,Sample post content 7 #hashtag2,20,77,128,Video
01:44.6,Sample post content 8 #hashtag3,102,86,120,Image
01:44.6,Sample post content 9 #hashtag4,121,61,26,Image
01:44.6,Sample post content 10 #hashtag0,466,39,189,Text
01:44.6,Sample post content 11 #hashtag1,214,84,120,Text
01:44.6,Sample post content 12 #hashtag2,330,79,115,Image
01:44.6,Sample post content 13 #hashtag3,458,81,2,Image
01:44.6,Sample post content 14 #hashtag4,87,52,102,Text
01:44.6,Sample post content 15 #hashtag0,372,23,197,Text
01:44.6,Sample post content 16 #hashtag1,99,25,199,Text
01:44.6,Sample post content 17 #hashtag2,359,88,154,Video
01:44.6,Sample post content 18 #hashtag3,151,59,136,Image
01:44.6,Sample post content 19 #hashtag4,130,40,61,Text
01:44.6,Sample post content 20 #hashtag0,149,28,164,Image
01:44.6,Sample post content 21 #hashtag1,308,14,50,Video
01:44.6,Sample post content 22 #hashtag2,257,44,171,Video
01:44.6,Sample post content 23 #hashtag3,343,64,151,Text
01:44.6,Sample post content 24 #hashtag4,491,88,58,Video
01:44.6,Sample post content 25 #hashtag0,413,70,117,Image
01:44.6,Sample post content 26 #hashtag1,293,8,159,Text
01:44.6,Sample post content 27 #hashtag2,385,87,95,Image
01:44.6,Sample post content 28 #hashtag3,191,0,179,Image
01:44.6,Sample post content 29 #hashtag4,443,7,112,Video
01:44.6,Sample post content 30 #hashtag0,276,87,61,Video
01:44.6,Sample post content 31 #hashtag1,160,62,185,Video
01:44.6,Sample post content 32 #hashtag2,459,10,51,Video
01:44.6,Sample post content 33 #hashtag3,313,80,11,Video
01:44.6,Sample post content 34 #hashtag4,21,7,38,Text
01:44.6,Sample post content 35 #hashtag0,252,34,129,Image
01:44.6,Sample post content 36 #hashtag1,235,34,130,Image
01:44.6,Sample post content 37 #hashtag2,344,32,112,Image
01:44.6,Sample post content 38 #hashtag3,48,4,100,Image
01:44.6,Sample post content 39 #hashtag4,474,40,112,Video
01:44.6,Sample post content 40 #hashtag0,58,27,183,Image
01:44.6,Sample post content 41 #hashtag1,169,6,80,Text
01:44.6,Sample post content 42 #hashtag2,475,72,186,Text
01:44.6,Sample post content 43 #hashtag3,187,71,112,Image
01:44.6,Sample post content 44 #hashtag4,463,11,1,Image
01:44.6,Sample post content 45 #hashtag0,270,33,129,Text
01:44.6,Sample post content 46 #hashtag1,189,32,53,Text
01:44.6,Sample post content 47 #hashtag2,445,47,86,Video
01:44.6,Sample post content 48 #hashtag3,174,22,128,Text
01:44.6,Sample post content 49 #hashtag4,445,61,146,Video
01:44.6,Sample post content 50 #hashtag0,50,87,125,Video
01:44.6,Sample post content 51 #hashtag1,363,36,129,Video
01:44.6,Sample post content 52 #hashtag2,54,98,52,Video
01:44.6,Sample post content 53 #hashtag3,243,43,171,Video
01:44.6,Sample post content 54 #hashtag4,319,85,159,Image
01:44.6,Sample post content 55 #hashtag0,130,90,197,Text
01:44.6,Sample post content 56 #hashtag1,484,34,159,Video
01:44.6,Sample post content 57 #hashtag2,306,64,67,Text
01:44.6,Sample post content 58 #hashtag3,134,98,182,Text
01:44.6,Sample post content 59 #hashtag4,20,46,183,Video
01:44.6,Sample post content 60 #hashtag0,328,77,122,Image
01:44.6,Sample post content 61 #hashtag1,166,2,144,Video
01:44.6,Sample post content 62 #hashtag2,273,0,37,Image
01:44.6,Sample post content 63 #hashtag3,387,4,23,Text
01:44.6,Sample post content 64 #hashtag4,88,89,68,Image
01:44.6,Sample post content 65 #hashtag0,315,13,115,Image
01:44.6,Sample post content 66 #hashtag1,13,26,97,Image
01:44.6,Sample post content 67 #hashtag2,241,8,197,Text
01:44.6,Sample post content 68 #hashtag3,264,78,138,Text
01:44.6,Sample post content 69 #hashtag4,345,14,143,Image
01:44.6,Sample post content 70 #hashtag0,52,89,96,Image
01:44.6,Sample post content 71 #hashtag1,385,41,123,Video
01:44.6,Sample post content 72 #hashtag2,339,76,186,Image
01:44.6,Sample post content 73 #hashtag3,91,50,69,Video
01:44.6,Sample post content 74 #hashtag4,366,62,92,Image
01:44.6,Sample post content 75 #hashtag0,443,95,2,Video
01:44.6,Sample post content 76 #hashtag1,454,51,147,Text
01:44.6,Sample post content 77 #hashtag2,427,95,186,Image
01:44.6,Sample post content 78 #hashtag3,263,3,163,Image
01:44.6,Sample post content 79 #hashtag4,430,93,146,Image
01:44.6,Sample post content 80 #hashtag0,34,22,89,Image
01:44.6,Sample post content 81 #hashtag1,205,14,194,Video
01:44.6,Sample post content 82 #hashtag2,80,42,146,Image
01:44.6,Sample post content 83 #hashtag3,419,28,147,Text
01:44.6,Sample post content 84 #hashtag4,49,35,95,Text
01:44.6,Sample post content 85 #hashtag0,359,12,198,Image
01:44.6,Sample post content 86 #hashtag1,387,31,51,Text
01:44.6,Sample post content 87 #hashtag2,1,70,160,Image
01:44.6,Sample post content 88 #hashtag3,389,58,167,Image
01:44.6,Sample post content 89 #hashtag4,53,85,127,Text
01:44.6,Sample post content 90 #hashtag0,105,27,38,Image
01:44.6,Sample post content 91 #hashtag1,259,65,81,Text
01:44.6,Sample post content 92 #hashtag2,309,41,103,Video
01:44.6,Sample post content 93 #hashtag3,476,44,128,Image
01:44.6,Sample post content 94 #hashtag4,190,61,10,Video
01:44.6,Sample post content 95 #hashtag0,401,56,184,Text
01:44.6,Sample post content 96 #hashtag1,217,5,177,Video
01:44.6,Sample post content 97 #hashtag2,43,27,150,Video
01:44.6,Sample post content 98 #hashtag3,161,27,158,Text
01:44.6,Sample post content 99 #hashtag4,201,43,41,Video
